ARC,aSD,MD,IR,IRst,MLD
0.0677774369255022,47.4246096393159,0.0928711945304438,0.00142916172512495,0.00104300282957215,0
0.102931949144003,128.465219716155,0.160185961879679,0.000801243709164485,0.000514861450753214,0
0.117586352081696,209.299167711245,0.219648987660726,0.000561809936310505,0.000300757957856112,0
0.123499418066725,232.759747670769,0.242163174392126,0.000530587523412384,0.000270591309101309,0
0.00835206152323908,2.73535414876161,0.156468810730504,0.00305337483521845,0.000162984395153218,0
0.0217987916211788,6.59803580538323,0.120873641158615,0.00330383045260129,0.00059582478775049,0
0.0311636517362257,9.51880231744884,0.174432428281691,0.00327390470953471,0.000584907446342293,0
0.045226370762796,20.0240907937786,0.19866909190082,0.00225859796724691,0.000514162460267351,0
0.0822145395281872,67.6249752250891,0.567753889403572,0.00225859796724691,0.000514162460267351,0.00396825396825397
